{"cameraMode":{"drawMode":0,"name":"Shaded","section":"Shading Mode"},"sceneLighting":true,"audioPlay":false,"sceneViewState":{"m_AlwaysRefresh":false,"showFog":true,"showSkybox":true,"showFlares":true,"showImageEffects":true,"showParticleSystems":true,"showVisualEffectGraphs":true,"m_FxEnabled":true},"in2DMode":false,"pivot":{"x":0.6713366508483887,"y":-0.6147432327270508,"z":6.075544357299805},"rotation":{"x":-0.025342535227537156,"y":0.9552991390228272,"z":-0.2817572355270386,"w":-0.08591984957456589},"size":7.5005974769592289,"orthographic":false}